<?xml version="1.0" encoding="UTF-8"?>
<configuration>

    <appender name="STDOUT" class="ch.qos.logback.core.ConsoleAppender">
        <encoder class="ch.qos.logback.classic.encoder.PatternLayoutEncoder">
            <Pattern>%d{yyyy-MM-dd_HH:mm:ss.SSS} %-5level %logger{36} - %msg%n
            </Pattern>
        </encoder>
    </appender>


    <logger name="org.hibernate.engine.jdbc.batch.internal.BatchingBatch"
            level="ERROR"/>
    <logger name="org.hibernate.type.descriptor.sql.BasicBinder" level="TRACE"/>
    <logger name="org.hibernate.search" level="ERROR"/>
    <logger name="org.hibernate" level="ERROR"/>

    <logger name="com.demo" level="DEBUG"/>
    <logger name="org.springframework" level="ERROR"/>

    <root level="ERROR">
        <appender-ref ref="STDOUT"/>
    </root>

</configuration>